{
  "custom_audiences_all_types_v2": [
    {
      "advertiser_name": "Uber",
      "has_data_file_custom_audience": true,
      "has_remarketing_custom_audience": true,
      "has_in_person_store_visit": false
    },
    {
      "advertiser_name": "LinkedIn",
      "has_data_file_custom_audience": true,
      "has_remarketing_custom_audience": true,
      "has_in_person_store_visit": false
    },
    {
      "advertiser_name": "Huntsman",
      "has_data_file_custom_audience": false,
      "has_remarketing_custom_audience": true,
      "has_in_person_store_visit": false
    },
    {
      "advertiser_name": "Parker-Hannifin",
      "has_data_file_custom_audience": true,
      "has_remarketing_custom_audience": false,
      "has_in_person_store_visit": false
    },
    {
      "advertiser_name": "iHeartMedia",
      "has_data_file_custom_audience": true,
      "has_remarketing_custom_audience": true,
      "has_in_person_store_visit": false
    },
    {
      "advertiser_name": "Thermo Fisher Scientific",
      "has_data_file_custom_audience": true,
      "has_remarketing_custom_audience": true,
      "has_in_person_store_visit": true
    }
  ]
}