{
  "history_v2": [
    {
      "title": "Amazon.co.uk: Amazon Prime",
      "action": "Clicked ad",
      "timestamp": 1573363503 
    },
    {
      "title": "Bank of America",
      "action": "Clicked ad",
      "timestamp": 1606021162 
    },
    {
      "title": "Duke Energy",
      "action": "Clicked ad",
      "timestamp": 1639935248 
    },
    {
      "title": "Expedia Group",
      "action": "Clicked ad",
      "timestamp": 1530707862 
    },
    {
      "title": "D.R. Horton",
      "action": "Clicked ad",
      "timestamp": 1594286053 
    },
    {
      "title": "Corning",
      "action": "Clicked ad",
      "timestamp": 1512401978  
    },
    {
      "title": "Seaboard",
      "action": "Clicked ad",
      "timestamp": 1648096336  
    },
    {
      "title": "Sempra Energy",
      "action": "Clicked ad",
      "timestamp": 1651431277  
    },
    {
      "title": "M&T Bank Corp.",
      "action": "Clicked ad",
      "timestamp": 1642037521  
    },
    {
      "title": "Insight Enterprises",
      "action": "Clicked ad",
      "timestamp": 1527059089  
    }
  ]
}