{
  "history_v2": [
    {
      "title": "\u00f0\u009f\u008d\u0082 FALL SALE \u00f0\u009f\u008d\u0082  | 15% OFF",
      "action": "Clicked ad",
      "timestamp": 1635758617
    },
    {
      "title": "Amazon.co.uk: Amazon Prime",
      "action": "Clicked ad",
      "timestamp": 1573363503 
    },
    {
      "title": "Bank of America",
      "action": "Clicked ad",
      "timestamp": 1606021162 
    },
    {
      "title": "Duke Energy",
      "action": "Clicked ad",
      "timestamp": 1639935248 
    },
    {
      "title": "Expedia Group",
      "action": "Clicked ad",
      "timestamp": 1530707862 
    },
    {
      "title": "D.R. Horton",
      "action": "Clicked ad",
      "timestamp": 1594286053 
    },
    {
      "title": "Corning",
      "action": "Clicked ad",
      "timestamp": 1512401978  
    },
    {
      "title": "Seaboard",
      "action": "Clicked ad",
      "timestamp": 1648096336  
    },
    {
      "title": "Sempra Energy",
      "action": "Clicked ad",
      "timestamp": 1651431277  
    },
    {
      "title": "M&T Bank Corp.",
      "action": "Clicked ad",
      "timestamp": 1642037521  
    },
    {
      "title": "Insight Enterprises",
      "action": "Clicked ad",
      "timestamp": 1527059089  
    },
    {
      "title": "Nike",
      "action": "Clicked ad",
      "timestamp": 1573527789   
    },
    {
      "title": "M&T Bank Corp.",
      "action": "Clicked ad",
      "timestamp": 1634503982   
    },
    {
      "title": "AutoZone",
      "action": "Clicked ad",
      "timestamp": 1638007622    
    },
    {
      "title": "Penske Automotive Group",
      "action": "Clicked ad",
      "timestamp": 1630757334   
    },
    {
      "title": "American Airlines Group",
      "action": "Clicked ad",
      "timestamp": 1621897396   
    },
    {
      "title": "GameStop",
      "action": "Clicked ad",
      "timestamp": 1637674390   
    },
    {
      "title": "PNC Financial Services",
      "action": "Clicked ad",
      "timestamp": 1623163995   
    },
    {
      "title": "Facebook",
      "action": "Clicked ad",
      "timestamp": 1637573429   
    },
    {
      "title": "AbbVie",
      "action": "Clicked ad",
      "timestamp": 1645096901    
    },
    {
      "title": "Netflix",
      "action": "Clicked ad",
      "timestamp": 1643470114    
    },
    {
      "title": "NewLook",
      "action": "Clicked ad",
      "timestamp": 1651122847    
    }
  ]
}