{
  "custom_audiences_all_types_v2": [
    {
      "advertiser_name": "Uber",
      "has_data_file_custom_audience": true,
      "has_remarketing_custom_audience": true,
      "has_in_person_store_visit": false
    },
    {
      "advertiser_name": "Huntsman",
      "has_data_file_custom_audience": false,
      "has_remarketing_custom_audience": true,
      "has_in_person_store_visit": false
    },
    {
      "advertiser_name": "Parker-Hannifin",
      "has_data_file_custom_audience": true,
      "has_remarketing_custom_audience": false,
      "has_in_person_store_visit": false
    },
    {
      "advertiser_name": "Celgene",
      "has_data_file_custom_audience": true,
      "has_remarketing_custom_audience": false,
      "has_in_person_store_visit": false
    },
    {
      "advertiser_name": "Caterpillar",
      "has_data_file_custom_audience": true,
      "has_remarketing_custom_audience": true,
      "has_in_person_store_visit": true
    },
    {
      "advertiser_name": "Microsoft",
      "has_data_file_custom_audience": true,
      "has_remarketing_custom_audience": false,
      "has_in_person_store_visit": true
    },
    {
      "advertiser_name": "HCA Healthcare",
      "has_data_file_custom_audience": false,
      "has_remarketing_custom_audience": true,
      "has_in_person_store_visit": true
    },
    {
      "advertiser_name": "State Farm Insurance",
      "has_data_file_custom_audience": true,
      "has_remarketing_custom_audience": true,
      "has_in_person_store_visit": false
    },
    {
      "advertiser_name": "Dana",
      "has_data_file_custom_audience": true,
      "has_remarketing_custom_audience": false,
      "has_in_person_store_visit": false
    },
    {
      "advertiser_name": "D.R. Horton",
      "has_data_file_custom_audience": false,
      "has_remarketing_custom_audience": true,
      "has_in_person_store_visit": true
    }
  ]
}